_id,_partitionKey,age,class_id,comment,dad,dob,email_addresses,gender,mom,name,old_class,siblings,surname,time_stamp
ab269edf94812a211b4fe4a712f6ede8b81aa91eb19398ac1ec6040a9016be87,students,5,LL,,(378)-655-8592,2016-01-03T04:55:34.742Z,umut.abaci@example.com,boy,(320)-053-1933,Umut,Next Year,,Abacı,2021-09-03T04:55:34.742Z
97c14afa07b8a492f7ab698c9b24ae0394fee93be4e9a937fc978d327e6c0947,students,0,AA,,0905-081-6654,2020-12-10T08:06:34.010Z,sryn.sdr@example.com,girl,024-18249917,سارینا,Next Year,,صدر,2021-09-10T08:06:34.010Z
97cf86e58065e2a16110000c76d395d052143b083ece73cd16a7d66699040550,students,3,AA,,043-925-53-59,2018-09-10T08:06:34.012Z,eelis.makinen@example.com,boy,06-379-972,Eelis,Next Year,,Makinen,2021-09-10T08:06:34.012Z
d1cbb6929481ebd37a17d73f23782a1fc8b0cba76a9300274f5d40153d5c50de,students,4,AA,,(529)-042-3093,2017-02-10T08:06:34.011Z,baris.kirac@example.com,boy,(323)-694-8932,Barış,Next Year,,Kıraç,2021-09-10T08:06:34.011Z
1cdb6641033b36669f7877038ef0e9e932870f47fb85585a1835ca5e0cfe1516,students,5,AA,,658-429-512,2016-07-10T08:06:34.012Z,ismael.rodriguez@example.com,boy,982-828-393,Ismael,Next Year,,Rodriguez,2021-09-10T08:06:34.012Z
2d37bc83fe74cc8dd78aa264236e56bdfc2ab1274c7501f148f07dbc31e53895,students,2,BB,,(800)-369-5814,2019-07-10T08:06:34.013Z,vedat.kulaksizoglu@example.com,boy,(100)-559-1632,Vedat,Next Year,,Kulaksızoğlu,2021-09-10T08:06:34.013Z
0728c1624f9520ff618b44a167f79625a0705546dae95451229cb57f2068757e,students,0,CC,,(547)-069-1570,2020-12-10T08:06:34.017Z,sophia.edwards@example.com,girl,(016)-204-8679,Sophia,Next Year,,Edwards,2021-09-10T08:06:34.017Z
1e2524ebd85f8495e6df1e1128d0d50c632595ddc44e227564cc51d9bf9e0dc2,students,1,BB,,93581153,2020-03-10T08:06:34.013Z,anders.braenden@example.com,boy,78540963,Anders,Next Year,,Brænden,2021-09-10T08:06:34.013Z
3f6caada569ab9faa3e646006bc0db9297b88ae922a0084e77c3d2b14abbcd9c,students,4,AA,,0738-274-700,2017-02-10T08:06:34.004Z,paige.day@example.com,girl,016977 50065,Paige,Next Year,,Day,2021-09-10T08:06:34.005Z
7b6f0cfc6107876a37dbec2762ae5dfb7536a93229d487d4fed50da968628cdc,students,5,BB,,0177-0576000,2016-09-10T08:06:34.012Z,tim.reusch@example.com,boy,0253-8888485,Tim,Next Year,,Reusch,2021-09-10T08:06:34.012Z
48c048149972d7df217ff1b2158e1c8ce02abbacd33f170f7a5590bb3db599c7,students,1,BB,,040-926-61-47,2019-12-10T08:06:34.014Z,anton.huhtala@example.com,boy,05-466-032,Anton,Next Year,,Huhtala,2021-09-10T08:06:34.014Z
7f84efe62084a3ffccd3b29a79bfaa871954adde1859a4068df23536b2371d30,students,3,BB,,06-10-07-25-23,2018-01-10T08:06:34.015Z,marin.lucas@example.com,boy,04-56-40-85-24,Marin,Next Year,,Lucas,2021-09-10T08:06:34.015Z
196b6399857ede31671fac1e35083cac61bbb2dcc1d7545c296a7fac77f116d9,students,2,AA,,(361)-664-1610,2019-03-10T08:06:34.011Z,xenia.waardenburg@example.com,girl,(666)-021-3707,Xenia,Next Year,,Waardenburg,2021-09-10T08:06:34.011Z
97172adf2823c467ad120901477d8537a51872a2ce0d58bb95bcdb96cbe309ea,students,5,BB,,0418-908-894,2016-06-10T08:06:34.014Z,darryl.fleming@example.com,boy,08-1969-1217,Darryl,Next Year,,Fleming,2021-09-10T08:06:34.014Z
65d6d349adcdc4b42c7f8028e83af8b4d185553a079c7351a7d7091bda6c0c6e,students,1,CC,,761-026-3864,2020-09-10T08:06:34.019Z,olivier.smith@example.com,boy,746-900-9301,Olivier,Next Year,,Smith,2021-09-10T08:06:34.019Z
61761bcdec1850463a2ddc277e31520b14b2c35138731a7abfe03e8d33dc2c98,students,2,EE,,081-768-8562,2019-03-10T08:06:34.028Z,gerald.hill@example.com,boy,051-819-7908,Gerald,Next Year,,Hill,2021-09-10T08:06:34.028Z
a7e8fd77e7a5bad7004dd8da895920dcb71563f3cc1d413d235d9ecb256933f3,students,1,AA,,541-506-5242,2020-06-10T08:06:34.012Z,alexis.ennis@example.com,girl,016-709-5375,Alexis,Next Year,,Ennis,2021-09-10T08:06:34.012Z
32a5015c45ed6cf3ae959dfdd9768e4959017a770305bbc334879abec719db83,students,0,EE,,0403-459-121,2020-12-10T08:06:34.026Z,ruben.dunn@example.com,boy,08-2565-0669,Ruben,Next Year,,Dunn,2021-09-10T08:06:34.026Z
9d0cad56a7bc56d00668fa2b47d1fe4b349bcc6efb9e8f96499a312965efb046,students,3,DD,,(413)-693-2877,2018-02-10T08:06:34.021Z,antoinetta.bassa@example.com,girl,(299)-820-7186,Antoinetta,Next Year,,Bassa,2021-09-10T08:06:34.021Z
e79cd2cfa97552a4a3a3976697a332d86e725eb152582c59160174074a2a2fbc,students,5,DD,,047-453-22-97,2016-09-10T08:06:34.021Z,ellen.maijala@example.com,girl,03-021-924,Ellen,Next Year,,Maijala,2021-09-10T08:06:34.021Z
613f13276ee7e7a0207f768e1c0ae2105d67bd513b3af206d96199508df50794,students,1,DD,,(967)-627-0298,2020-02-10T08:06:34.025Z,riley.bates@example.com,girl,(441)-436-7680,Riley,Next Year,,Bates,2021-09-10T08:06:34.025Z
1a7454bafc3e1fd0eed01edb6124f84233239c14572e162d3e8de6ea09cb0722,students,1,EE,,(898)-343-2421,2020-04-10T08:06:34.027Z,matilda.anderson@example.com,girl,(533)-655-9348,Matilda,Next Year,,Anderson,2021-09-10T08:06:34.027Z
abb96fb63f2063e33cffc8834113352821da0492d035dfdb01ad57dea9bf1294,students,5,FF,,06-45-09-87-02,2016-05-10T08:06:34.029Z,nils.lefevre@example.com,boy,02-79-98-44-94,Nils,Next Year,,Lefevre,2021-09-10T08:06:34.029Z
df0f3eb7b31142db1ad80ee227d8586684474b2bea420ae694f254bcdeb40e92,students,1,GG,,(685)-680-8693,2020-08-10T08:06:34.032Z,sofia.patel@example.com,girl,(546)-368-2443,Sofia,Next Year,,Patel,2021-09-10T08:06:34.032Z
b7cac3e000fc8e880a1dab4e733d2078d9ae857844f6757cde73a669ad4ed503,students,5,CC,,077 095 49 19,2016-08-10T08:06:34.017Z,oskar.bertrand@example.com,boy,076 316 16 78,Oskar,Next Year,,Bertrand,2021-09-10T08:06:34.017Z
da65c32eff7c11f93a8d85a95d0e6b07be7588510aaea339e672ab6e2dcfb8c7,students,5,LL,,042-647-58-26,2016-03-10T08:06:34.044Z,pihla.jarvela@example.com,girl,08-399-269,Pihla,Next Year,,Jarvela,2021-09-10T08:06:34.044Z
85ef7e1700489b214c26661bbde05b6c74a6cb1550cba4c4cf66dfa420b3b628,students,5,KK,,06-44-96-59-89,2016-08-10T08:06:34.042Z,timeo.rolland@example.com,boy,01-94-48-66-78,Timeo,Next Year,,Rolland,2021-09-10T08:06:34.042Z
2dc25c2fb9b20d7b6f411c76392f0644547a82abefa1ff390e3055e180d9d881,students,3,LL,,076 174 10 44,2018-04-10T08:06:34.045Z,arnaud.lefebvre@example.com,boy,076 712 17 79,Arnaud,Next Year,,Lefebvre,2021-09-10T08:06:34.045Z
249c5407318c34ed3c0cc41ec74aae091133c4d864d5588dfc4b3af1d50ba0e0,students,1,DD,,0984-725-6623,2020-05-10T08:06:34.025Z,thn.glshn@example.com,girl,089-57746169,ثنا,Next Year,,گلشن,2021-09-10T08:06:34.025Z
7398225afad49880c160a039f5bdd57893e6bc17c9238674659ba34406b6ed4e,students,1,KK,,0979-476-6945,2020-06-10T08:06:34.042Z,bhrh.slry@example.com,girl,069-40610337,بهاره,Next Year,,سالاری,2021-09-10T08:06:34.043Z
33fa8c73e2047ad98d9c7c3392b300a62701f8f939d86804f7cc2b1b1051bd0a,students,3,LL,,048-593-88-04,2018-06-10T08:06:34.044Z,peetu.hautala@example.com,boy,06-302-114,Peetu,Next Year,,Hautala,2021-09-10T08:06:34.044Z
298e5becb6cf9972b422d760ab8bc4adc889ffcde656dade54d999818cf03d18,students,4,JJ,,081-193-4843,2017-03-10T08:06:34.039Z,alison.jensen@example.com,girl,041-001-9843,Alison,Next Year,,Jensen,2021-09-10T08:06:34.039Z
01a1f8b2b95fe9c559bcce2eb1daec3c61708c88f11667a3b7db3454df7b1b88,students,4,LL,,661-963-650,2017-06-10T08:06:34.044Z,rosa.cortes@example.com,girl,963-585-528,Rosa,Next Year,,Cortes,2021-09-10T08:06:34.044Z
8922c23f4aa1c33abb0093f4cd40f42d74d092aa2def96ebd23c2e6e01ae7b50,students,2,KK,,(32) 8187-1193,2019-02-10T08:06:34.041Z,abdenago.martins@example.com,boy,(53) 3078-6310,Abdénago,Next Year,,Martins,2021-09-10T08:06:34.041Z
fafd63645cfc97fd9bef36895060862077f6f05fe2da295205c174a49a080b05,students,1,HH,,0988-895-5730,2020-05-10T08:06:34.035Z,tr.glshn@example.com,girl,058-23213186,تارا,Next Year,,گلشن,2021-09-10T08:06:34.035Z
94200e697e2060078184b41836f21cc8d147c7b8905d7f27c6bb1816b482fa22,students,0,II,,604-177-430,2020-12-10T08:06:34.037Z,sandra.lozano@example.com,girl,992-745-681,Sandra,Next Year,,Lozano,2021-09-10T08:06:34.037Z
61853e4582023de03bf7fbe16bd7e4f91fb383563df68577bcdd063f290f8480,students,4,HH,,(854)-113-3880,2016-12-10T08:06:34.033Z,dena.roelands@example.com,girl,(519)-908-9782,Dena,Next Year,,Roelands,2021-09-10T08:06:34.033Z
96c0dae4e6cbdf4bfcdb34df443d933633b6f9038024c2201117470cf347b612,students,1,EE,,97012162,2019-12-10T08:06:34.028Z,jayden.nystrom@example.com,boy,24121363,Jayden,Next Year,,Nystrøm,2021-09-10T08:06:34.028Z
4c40c12a919c18e84ca3cc0d39440b9b0e050692eeb9002664230ccb2486fb69,students,0,FF,,916-988-6438,2021-04-10T08:06:34.030Z,anthony.novak@example.com,boy,591-428-9011,Anthony,Next Year,,Novak,2021-09-10T08:06:34.030Z
af0bd47c7ced150c2d7bfae14c47617280bf04e6b0e00a4316bcaa485528a68d,students,2,BB,,(878)-706-6579,2019-06-10T08:06:34.015Z,amber.evans@example.com,girl,(507)-953-1060,Amber,Next Year,,Evans,2021-09-10T08:06:34.015Z
2921e9b681972cca0da85592c86e03dad238a2adaa1cb668c598ec6d7f60851c,students,4,LL,,0173-2618076,2017-02-10T08:06:34.045Z,catherine.brehmer@example.com,girl,0692-6890726,Catherine,Next Year,,Brehmer,2021-09-10T08:06:34.045Z
95f590d54a84b3aa3b5476aff0eb18d820001c0d8d4c4df9061e453418805c25,students,2,LL,,078 939 52 93,2019-03-10T08:06:34.043Z,dominique.moulin@example.com,boy,079 164 17 77,Dominique,Next Year,,Moulin,2021-09-10T08:06:34.043Z
5cab8eed4be661e6a81c9a79b8693cd0046cc788d6fe1ebd406dd53e003fce81,students,1,LL,,(899)-766-8828,2020-09-10T08:06:34.044Z,josephine.patterson@example.com,girl,(430)-596-4230,Josephine,Next Year,,Patterson,2021-09-10T08:06:34.044Z
548016a0228e0cd0c2ac577e4ae9b1f6341b6897d273433247901ea0bddc8e89,students,2,KK,,93948865,2019-07-10T08:06:34.041Z,wojciech.kvalo@example.com,boy,33662772,Wojciech,Next Year,,Kvalø,2021-09-10T08:06:34.041Z
d25fbf47dbcfa2aa90a01b52df2dd015f0d997fcf6a8b6b9ec1b34ae02b16937,students,4,JJ,,98722527,2017-02-10T08:06:34.039Z,viktor.folstad@example.com,boy,88149005,Viktor,Next Year,,Følstad,2021-09-10T08:06:34.039Z
8cf188da3e3db90b376403d3a755013df74d6e2cc2cf7d9248161936a97a9066,students,3,KK,,(477)-445-2307,2018-02-10T08:06:34.042Z,violet.hayes@example.com,girl,(123)-592-8419,Violet,Next Year,,Hayes,2021-09-10T08:06:34.042Z
71115407abe61276254e71932e40217b34e7bcb1e64d15f16156ef476b92a498,students,5,GG,,40372852,2016-07-10T08:06:34.032Z,alma.pedersen@example.com,girl,13583323,Alma,Next Year,,Pedersen,2021-09-10T08:06:34.032Z
2b2e7814f43e205acc93469d357f1e6fcdd2dc7f6cd2f8a94264fd94a1d7ff5f,students,0,GG,,44068749,2021-03-10T08:06:34.032Z,danny.nesland@example.com,boy,62952345,Danny,Next Year,,Nesland,2021-09-10T08:06:34.032Z
fa71049190db0058225e83d5e1e650457698c967466ac302c4f7ef71d7c84bf8,students,5,CC,,658-243-136,2016-07-10T08:06:34.016Z,virginia.sanchez@example.com,girl,910-975-326,Virginia,Next Year,,Sanchez,2021-09-10T08:06:34.016Z
e6722c8b880e4876ccdee3f451c8d8816a084862faa149f8b059a35355e46892,students,5,CC,,(178)-026-7810,2016-07-10T08:06:34.016Z,leigh.korteland@example.com,girl,(900)-855-3850,Leigh,Next Year,,Korteland,2021-09-10T08:06:34.016Z
a9b2ad8d10dfd829ab38d169da6bcc7001e6a6c59ad5176f55ab83b050933d34,students,3,KK,,111-901-2815,2018-04-10T08:06:34.042Z,zoe.ambrose@example.com,girl,621-941-7223,Zoe,Next Year,,Ambrose,2021-09-10T08:06:34.042Z
0d1fa7f82bb2a9e3c32648fe92560bddcb844e148ca33f66c3e44009d1f1c47d,students,2,GG,,040-176-78-09,2019-06-10T08:06:34.031Z,matilda.lehtola@example.com,girl,02-728-848,Matilda,Next Year,,Lehtola,2021-09-10T08:06:34.031Z
04549328b5ea7fed7713ed3d461bebc755b6d31a0bd2566e886f9312349da13f,students,0,JJ,,0906-576-7057,2021-04-10T08:06:34.040Z,sryn.rdyy@example.com,girl,030-46948127,سارینا,Next Year,,رضایی,2021-09-10T08:06:34.040Z
2ac7e591f07b138be72300cb5257ea129c810f778ea8309c4cbcdd15e9c02e5b,students,2,HH,,081-329-6625,2019-04-10T08:06:34.035Z,john.lynch@example.com,boy,031-993-0103,John,Next Year,,Lynch,2021-09-10T08:06:34.035Z
8cd0d6d4dde554fbd7929ac99ecc83f8c25ef0449531c5da2daeeef09c2f9c00,students,5,DD,,077 637 25 55,2016-03-10T08:06:34.020Z,solange.gaillard@example.com,girl,075 744 90 81,Solange,Next Year,,Gaillard,2021-09-10T08:06:34.020Z
ad3d73e851e78f5f5cf47d2885aceebb5d5f3970b044287a89b1caaa87af6410,students,3,KK,,06-76-25-37-44,2018-01-10T08:06:34.043Z,clarisse.leroy@example.com,girl,04-88-63-50-44,Clarisse,Next Year,,Leroy,2021-09-10T08:06:34.043Z
c73e6f89026ddedc877da4c61b153d3b63e187d3eeb8499a4a57eb2db902a947,students,1,GG,,642-901-627,2020-05-10T08:06:34.031Z,nuria.herrero@example.com,girl,946-544-630,Nuria,Next Year,,Herrero,2021-09-10T08:06:34.031Z
b625a3d36ed0bebacf77374518985366c1ffd7d94a974b28d65a3ff74abe277c,students,2,GG,,081-205-0742,2019-03-10T08:06:34.031Z,albert.sutton@example.com,boy,041-336-8291,Albert,Next Year,,Sutton,2021-09-10T08:06:34.031Z
b8ad24118d2377c73eeed13f957a83a6dc278e846d21e87981b68ffaa526700c,students,1,BB,,95454472,2020-04-10T08:06:34.014Z,kai.myhra@example.com,boy,63221797,Kai,Next Year,,Myhra,2021-09-10T08:06:34.014Z
5a749c90eb080086744b2d3d6573fa1137fa371fb7c3b0353487f37751455b95,students,3,FF,,077 451 02 79,2018-08-10T08:06:34.030Z,josefina.bonnet@example.com,girl,079 663 85 55,Josefina,Next Year,,Bonnet,2021-09-10T08:06:34.030Z
e1587bf8815944832993956277c3f88a26ed6a9f23c9f5463572f8b68eb2dc82,students,2,AA,,843-483-6999,2019-08-10T08:06:34.010Z,marilou.smith@example.com,girl,197-694-9928,Marilou,Next Year,,Smith,2021-09-10T08:06:34.010Z
dd48a982c7d1da27d2a7e0d60b7cf343d57eae73b0bd28ac35d949df8c9da45f,students,2,GG,,684-174-967,2019-02-10T08:06:34.033Z,pablo.mora@example.com,boy,981-449-979,Pablo,Next Year,,Mora,2021-09-10T08:06:34.033Z
f2aff051f1477396bb21d8efcdba0b1518e4e233d3ed6dfc39da1598cf3309b9,students,4,DD,,081-164-9902,2017-08-10T08:06:34.021Z,leo.flores@example.com,boy,061-535-7562,Leo,Next Year,,Flores,2021-09-10T08:06:34.021Z
9ffcb2ddd79de712121b420c861216763e057b4fb267d4b7719e20e2909bf44c,students,2,JJ,,043-810-87-01,2019-09-10T08:06:34.039Z,daniel.wallo@example.com,boy,09-305-273,Daniel,Next Year,,Wallo,2021-09-10T08:06:34.039Z
b58eaee25d78f364507e540ad22009f1c3b7afdb75c0468612b916f60bec9973,students,1,GG,,658-640-434,2020-08-10T08:06:34.031Z,marc.fuentes@example.com,boy,977-925-827,Marc,Next Year,,Fuentes,2021-09-10T08:06:34.031Z
3f3a11a0e712d39380fa707d8c97ff54a5fe34f2d5100f88f98c4eda40341707,students,2,DD,,20131048,2019-02-10T08:06:34.024Z,august.pedersen@example.com,boy,80351722,August,Next Year,,Pedersen,2021-09-10T08:06:34.024Z
39bfef877d53dda2c675b0a93a515c12687aeadba45eecf2d583578e2b28249d,students,0,FF,,0922-468-2897,2021-01-10T08:06:34.030Z,aynz.shylyrd@example.com,girl,038-06954746,آیناز,Next Year,,سهيلي راد,2021-09-10T08:06:34.030Z
093d872f9e76a0e03d086ee5a095918ddea46a48e82bb56e7ac70a9a5aa270a0,students,2,JJ,,0171-4026340,2019-07-10T08:06:34.041Z,gustav.kohler@example.com,boy,0235-5411913,Gustav,Next Year,,Kohler,2021-09-10T08:06:34.041Z
a1ca503810c94f4c6f13fcd73096434a5a52824b4537c4eb4cfce242dd7b0569,students,3,JJ,,079 419 36 46,2018-08-10T08:06:34.040Z,beate.robin@example.com,girl,078 658 51 53,Beate,Next Year,,Robin,2021-09-10T08:06:34.040Z
9fdefbd213a6ad76a91658073c81ad909cfcbebc09dc594593949982e1514443,students,5,LL,,075 490 63 31,2016-01-10T08:06:34.045Z,erhard.gerard@example.com,boy,076 462 03 50,Erhard,Next Year,,Gerard,2021-09-10T08:06:34.045Z
c66c952fb457baa4d4090f6ab980d341b9088bd7530452fe0b36ef0c024f15e5,students,4,II,,046-322-85-81,2017-05-10T08:06:34.038Z,saana.kivi@example.com,girl,05-174-351,Saana,Next Year,,Kivi,2021-09-10T08:06:34.038Z
1c357065dea4acb17b67aaf0153187a3c8c7a3612a027d7f48ad09cc2d206d98,students,2,HH,,93127349,2019-06-10T08:06:34.034Z,saga.lauten@example.com,girl,66211612,Saga,Next Year,,Lauten,2021-09-10T08:06:34.034Z
2a4faa1299a1b915ae74d41d9e8cab69d9061a0317348dade833f9dabdd37611,students,3,II,,075 241 14 91,2018-06-10T08:06:34.038Z,joanna.fontai@example.com,girl,076 847 68 90,Joanna,Next Year,,Fontai,2021-09-10T08:06:34.038Z
c7f72e9ac51bbc37897cc3b1ab927bd4e287afcaa41b637dc5235d383af6718f,students,2,CC,,95164220,2019-04-10T08:06:34.018Z,abdullahi.moradi@example.com,boy,88285062,Abdullahi,Next Year,,Moradi,2021-09-10T08:06:34.018Z
32c5b112a8cd34878a3996421001fb8ef1c42739b6dbd256f1abd854f146e44b,students,0,JJ,,(159)-133-8635,2021-03-10T08:06:34.041Z,harriet.wright@example.com,girl,(735)-584-5956,Harriet,Next Year,,Wright,2021-09-10T08:06:34.041Z
365a5033aeaea35e2f761df2f19b020e264897848ba57330b2295e7a877b35c0,students,5,CC,,29533836,2016-02-10T08:06:34.018Z,rasmus.poulsen@example.com,boy,17747524,Rasmus,Next Year,,Poulsen,2021-09-10T08:06:34.018Z
11cea7c13a24dd076d6a312327157fe94d226efb7624b81857c3a6908bf443a2,students,4,GG,,0476-187-954,2017-09-10T08:06:34.032Z,george.wilson@example.com,boy,07-3812-6385,George,Next Year,,Wilson,2021-09-10T08:06:34.032Z
97beed432a7c44bfaf93e656560b73590fe97e288cf95b602766daf353d1a7e0,students,3,EE,,82660110,2018-02-10T08:06:34.028Z,jeppe.hansen@example.com,boy,57705043,Jeppe,Next Year,,Hansen,2021-09-10T08:06:34.028Z
869f491eccc82caf465437d64573f68e71ee22e5e5882dccecd6b80b0dbbc5ec,students,1,FF,,(117)-272-1713,2020-06-10T08:06:34.028Z,ella.taylor@example.com,girl,(959)-286-1247,Ella,Next Year,,Taylor,2021-09-10T08:06:34.028Z
786eb08a2714563c20dcb70f010138b73b3cc40102b90e5bcdddf169e6f9776d,students,4,II,,0922-018-3471,2017-04-10T08:06:34.038Z,hly.hsyny@example.com,girl,019-51676318,هلیا,Next Year,,حسینی,2021-09-10T08:06:34.038Z
6f5d0483114e1c2ffdc2b5d8b6153802bb7e94a0a19fa73d8b7c659cc3990cd1,students,3,EE,,(16) 7644-7013,2018-05-10T08:06:34.027Z,lilaine.barros@example.com,girl,(68) 7762-0916,Lilaine,Next Year,,Barros,2021-09-10T08:06:34.027Z
ffad297afe21b89db13a153f220bfff5ccb0cab484b01ab720fa4b6b0fbb8c69,students,2,II,,0412-104-277,2018-12-10T08:06:34.036Z,neil.west@example.com,boy,09-8569-4728,Neil,Next Year,,West,2021-09-10T08:06:34.036Z
92bc949a7d10f19240babaf36a76de544d9c2fd298c88034e0bc17020255cff6,students,2,KK,,0170-1759262,2019-09-10T08:06:34.041Z,olga.schafers@example.com,girl,0170-2655774,Olga,Next Year,,Schäfers,2021-09-10T08:06:34.041Z
38cd6e5f73d8170d4c1547b56afb55c3239fc4dc84961f108913b8d0eb417f89,students,0,LL,,0957-086-2978,2020-12-10T08:06:34.043Z,mhmdmyn.hydry@example.com,boy,081-35949845,محمدامين,Next Year,,حیدری,2021-09-10T08:06:34.043Z
ddaf72c51cc9f4146bf043afc2e048351f4647191549531ee8fe16bd54a07457,students,5,FF,,(526)-474-1727,2016-05-10T08:06:34.029Z,jamie.freeman@example.com,boy,(684)-632-8895,Jamie,Next Year,,Freeman,2021-09-10T08:06:34.029Z
4bce52ac18551acb981faf3dd6c6c6976f3c8b9eedf0d78801ca64b5a2d4454b,students,2,FF,,312-108-6311,2019-07-10T08:06:34.030Z,anthony.harris@example.com,boy,181-815-8705,Anthony,Next Year,,Harris,2021-09-10T08:06:34.030Z
a388a2a8dfb524ad075d8b1fba6ebd58c41c6aa18727f7cec079e810bd7269c6,students,5,EE,,660-357-354,2016-07-10T08:06:34.025Z,cristobal.gomez@example.com,boy,928-130-129,Cristobal,Next Year,,Gomez,2021-09-10T08:06:34.025Z
be72fd0e5a1d896a6b8fa812e172a3cf9231db78eb28be5d70ad9f5617ce1f51,students,0,HH,,0921-429-1212,2021-01-10T08:06:34.034Z,kyn.qsmy@example.com,boy,063-63592416,كيان,Next Year,,قاسمی,2021-09-10T08:06:34.034Z
db0747f6756ce1454146215d10c285b8e2dacc339f6853c365bc3a7386f00dab,students,0,KK,,06-75-20-31-25,2021-04-10T08:06:34.042Z,juliette.mercier@example.com,girl,02-06-83-57-18,Juliette,Next Year,,Mercier,2021-09-10T08:06:34.042Z
ca1dc954ab2183a968da6f92efc19372a4977a1d77c69ddc6a6cdb56b0fb9333,students,5,EE,,076 253 29 92,2016-02-10T08:06:34.026Z,sergio.chevalier@example.com,boy,076 349 57 53,Sérgio,Next Year,,Chevalier,2021-09-10T08:06:34.026Z
a54d2c9a3a98ff3df17eaf131ba640e318a00f2e0769af588389d2fd8aaaa650,students,1,GG,,692-771-751,2020-06-10T08:06:34.031Z,daniel.sanchez@example.com,boy,924-510-085,Daniel,Next Year,,Sanchez,2021-09-10T08:06:34.031Z
be70cadd450d63459b8f4bd1eb7bca11d7a5541bfa9120a021276054ba472570,students,1,EE,,(305)-143-5478,2020-09-10T08:06:34.028Z,meral.cevik@example.com,girl,(109)-121-0067,Meral,Next Year,,Çevik,2021-09-10T08:06:34.028Z
238f08ac7f6512ee593fad744c85322bf7972e7a107df495bb01fe7216424a4f,students,1,CC,,42092783,2020-02-10T08:06:34.018Z,thorvald.saetran@example.com,boy,64389544,Thorvald,Next Year,,Sætran,2021-09-10T08:06:34.018Z
a831caa3464b580ee9eaeb08e3039183b0e89243afb2f8ff247aeb10e6a04c52,students,1,DD,,0776-251-149,2020-04-10T08:06:34.023Z,nelson.james@example.com,boy,015242 74962,Nelson,Next Year,,James,2021-09-10T08:06:34.023Z
8566a6922784560de025492f662e330a433ee94a34910a2be0c6f447d62c53b2,students,5,II,,(833)-321-0931,2016-01-10T08:06:34.037Z,ryder.lee@example.com,boy,(978)-330-6719,Ryder,Next Year,,Lee,2021-09-10T08:06:34.037Z
e0488e8f10ebcf922f2ccd40195572588879bec26de6f3d6e3f8dfe3da72746e,students,4,CC,,0928-883-1196,2017-07-10T08:06:34.017Z,aalyrd.hsyny@example.com,boy,071-98786597,علیرضا,Next Year,,حسینی,2021-09-10T08:06:34.017Z
ab8fa66cff08356cfe01c346d4eb8dd7808b67c2ef9e20e4c1ba111663e90793,students,3,LL,,(824)-150-0553,2018-07-10T08:06:34.044Z,jonathan.ferguson@example.com,boy,(981)-041-4033,Jonathan,Next Year,,Ferguson,2021-09-10T08:06:34.044Z
5a0e0364db24ff3afabe70f6104503d26aa48c362e7e9b6e43f0631f76bac9f3,students,4,JJ,,081-787-6206,2017-03-10T08:06:34.039Z,eliza.henderson@example.com,girl,051-691-7616,Eliza,Next Year,,Henderson,2021-09-10T08:06:34.039Z
4776666838d8137177dfe7588d026c9a0dc3587315119b3495df4736981fb098,students,5,FF,,49984230,2016-01-10T08:06:34.030Z,arina.lillevik@example.com,girl,82490873,Arina,Next Year,,Lillevik,2021-09-10T08:06:34.030Z
ac70efcd9fd34ddf213960f0c5aa56ff3df816ec98b354ef3dffb8b58fcec551,students,5,EE,,511-846-5128,2016-01-10T08:06:34.026Z,juliette.sirko@example.com,girl,418-845-5272,Juliette,Next Year,,Sirko,2021-09-10T08:06:34.026Z
c5b3495647451d563351d0e711b7aaced9a55634d28449e6559d831cc5b1f36d,students,4,DD,,017-254-6187,2017-01-10T08:06:34.024Z,dylan.liu@example.com,boy,621-069-8271,Dylan,Next Year,,Liu,2021-09-10T08:06:34.024Z
3633b7de2311f43c906bd0707587d5a5cfcae7730afbff91a9fc27055c89cc17,students,5,FF,,076 987 64 81,2016-06-10T08:06:34.029Z,donato.carpentier@example.com,boy,075 335 41 40,Donato,Next Year,,Carpentier,2021-09-10T08:06:34.029Z
ed706de6fa71885814ab10a1a1429b3cc08b90db0d05b2305e2d9c031277b2f5,students,4,II,,45396798,2016-12-10T08:06:34.037Z,emmelin.ismail@example.com,girl,87992670,Emmelin,Next Year,,Ismail,2021-09-10T08:06:34.037Z
a66b525decc16070fcc4385debbc0a28aaf14be829a433af7b7bb16b9287aef5,students,3,HH,,(073)-305-0052,2018-01-10T08:06:34.035Z,ryan.wang@example.com,boy,(281)-965-0103,Ryan,Next Year,,Wang,2021-09-10T08:06:34.035Z
51544d5e8bc445df003060897c797f627d7b9aab0a7f4f2d70a8ebd2722e31de,students,4,HH,,(091)-819-8308,2017-01-10T08:06:34.035Z,nihal.sandalci@example.com,boy,(514)-075-2858,Nihal,Next Year,,Sandalcı,2021-09-10T08:06:34.035Z
1447a9bbb96149d8e3ac9d32f0d94d9da82dbb534f461a0f5ee0985c314b840d,students,0,KK,,(287)-669-5980,2021-04-10T08:06:34.043Z,rosa.chambers@example.com,girl,(190)-608-0855,Rosa,Next Year,,Chambers,2021-09-10T08:06:34.043Z
7da348ae86584f1aa7440a10e8e165cb41007ec4b7408ddccd22cb2e7cd4fb6f,students,5,HH,,0793-389-067,2016-04-10T08:06:34.033Z,derrick.bishop@example.com,boy,016973 80617,Derrick,Next Year,,Bishop,2021-09-10T08:06:34.033Z
17ddd7bd5dfcdf11a74563cda0fef31a1be0640cad0f9d1366f3b3b50bbfdc84,students,1,II,,680-083-720,2020-08-10T08:06:34.036Z,alejandro.ramos@example.com,boy,912-730-318,Alejandro,Next Year,,Ramos,2021-09-10T08:06:34.036Z
8d689b2bd04df2c14fc5b03e409c71d055015e6ae52a8e9c67562e35402f804a,students,4,JJ,,0488-425-073,2017-09-10T08:06:34.040Z,jessica.may@example.com,girl,06-7254-8955,Jessica,Next Year,,May,2021-09-10T08:06:34.040Z
6f1e7a7f279ae61f7b3ff269c3e39f7af4bacf72239da4e2d982c96df1292f5a,students,2,BB,,(65) 0431-0825,2019-06-10T08:06:34.015Z,solene.moura@example.com,girl,(50) 3253-8927,Solene,Next Year,,Moura,2021-09-10T08:06:34.015Z
dd317bf53ee3b272793970f8fc6548292d2017c68ceea615a06f93cae9c5db8f,students,4,JJ,,(304)-035-0992,2017-01-10T08:06:34.039Z,kurt.denooij@example.com,boy,(294)-504-0681,Kurt,Next Year,,De Nooij,2021-09-10T08:06:34.039Z
1fa4028466ad4669bc106877a8da03c8dd1a7e363afaacae64f2ea46e129d35a,students,5,HH,,48249485,2016-04-10T08:06:34.034Z,jonathan.sorensen@example.com,boy,01013573,Jonathan,Next Year,,Sørensen,2021-09-10T08:06:34.034Z
86b14489172c2fb38b4ad7b4d295898929b54c6f6d23300ffe5c5f49c9877566,students,5,CC,,(286)-645-0325,2015-12-10T08:06:34.017Z,falco.hoitink@example.com,boy,(770)-672-9321,Falco,Next Year,,Hoitink,2021-09-10T08:06:34.017Z
5564b51422837b4fd570571e5fee52b61fb141fc565562ce540ded35e32ebd53,students,5,FF,,0775-099-577,2016-03-10T08:06:34.029Z,andrew.williamson@example.com,boy,016974 82075,Andrew,Next Year,,Williamson,2021-09-10T08:06:34.029Z
a80f984d2b0247215244e9785489cd7d38b9c2e6d3d7d056443db37f5941a316,students,0,BB,,646-147-095,2021-04-10T08:06:34.014Z,roberto.gomez@example.com,boy,977-534-961,Roberto,Next Year,,Gomez,2021-09-10T08:06:34.014Z
ac4a79f70d9cc3eac1e4c6dd1e95fed5b26f8859801623a5659888c5f5ccedca,students,3,HH,,(107)-548-1532,2018-02-10T08:06:34.033Z,haley.breider@example.com,girl,(098)-661-0017,Haley,Next Year,,Breider,2021-09-10T08:06:34.033Z
eb20330d4f7d6a9d3c8db8627099eecb739a40798a970155f84df68fa8b63402,students,4,AA,,484-588-4152,2017-05-10T08:06:34.011Z,zoe.miller@example.com,girl,061-239-4577,Zoe,Next Year,,Miller,2021-09-10T08:06:34.011Z
8017e23976e37c28716a8960b8217243501df294eb1c3e21b79a4364b02ba340,students,5,II,,20498091,2016-07-10T08:06:34.038Z,laerke.olsen@example.com,girl,25770174,Lærke,Next Year,,Olsen,2021-09-10T08:06:34.038Z
42347f7696ce937a0fbce0de3c1a7f9ce4e360d82703383b33639deed404c27a,students,4,DD,,(443)-336-8657,2016-12-10T08:06:34.022Z,elijah.welch@example.com,boy,(143)-686-1175,Elijah,Next Year,,Welch,2021-09-10T08:06:34.022Z
df9a80354ed005ad6f84e725f414950e5d903df49de9679446bbcf6a6d05e2d5,students,4,II,,47923603,2016-12-10T08:06:34.036Z,sham.elvebakk@example.com,girl,38670061,Sham,Next Year,,Elvebakk,2021-09-10T08:06:34.036Z
f64f0b343ee6741d75b189d9411c2ceabc159336e13c80af018fcdcc9b714e43,students,1,AA,,(66) 3196-5197,2020-01-10T08:09:35.101Z,francelina.peixoto@example.com,girl,(47) 5022-7125,Francelina,Next Year,,Peixoto,2021-09-10T08:09:35.101Z
257b0ef198ccebbb963760d984032f8a09d69b71a4ffa64c52c23b4f5b957191,students,5,AA,,06-92-02-43-37,2016-04-10T08:09:35.102Z,sarah.berger@example.com,girl,01-93-91-72-55,Sarah,Next Year,,Berger,2021-09-10T08:09:35.102Z
23169bb23299e1de4415c1976787160f4256e806d83414cd82f52656ad494e6b,students,1,AA,,0799-184-554,2020-01-10T08:09:35.103Z,elizabeth.palmer@example.com,girl,01290 950562,Elizabeth,Next Year,,Palmer,2021-09-10T08:09:35.103Z
8927bf6d540fb64d90cd07c664507073c7be4c9f6ee676082c344573f2fb4ebb,students,5,AA,,655-808-817,2016-05-10T08:09:35.103Z,rosario.benitez@example.com,girl,910-094-532,Rosario,Next Year,,Benitez,2021-09-10T08:09:35.103Z
1a141c309f97f0d67a4d8c993161c4352a6dc6a5e5544e1fbc28d7a2af1cb079,students,2,AA,,32319536,2019-01-10T08:09:35.101Z,simon.poulsen@example.com,boy,83409075,Simon,Next Year,,Poulsen,2021-09-10T08:09:35.101Z
e607ec96b045fbcfa000002398858566ba56ba8680d5601c6e16fced4ccdfefb,students,4,AA,,(274)-066-3864,2017-05-10T08:09:35.103Z,grayson.kumar@example.com,boy,(969)-632-5572,Grayson,Next Year,,Kumar,2021-09-10T08:09:35.103Z
c47995efe38e5d1429117515de09498674494a98d8d95744bc976a04b19e0a61,students,0,AA,,043-502-96-01,2021-04-10T08:09:35.104Z,samuel.lepisto@example.com,boy,05-223-181,Samuel,Next Year,,Lepisto,2021-09-10T08:09:35.104Z
407b889329d9827876ebf1a1527c6a8bdad6abb0a360c818980aab138d155b1e,students,3,AA,,(768)-237-2744,2017-12-10T08:09:35.104Z,mamadou.vanheijnsbergen@example.com,boy,(246)-332-8797,Mamadou,Next Year,,Van Heijnsbergen,2021-09-10T08:09:35.104Z
994fa3733b6143dab3317656e71e918d447867929d50b03ab04258d2a2d7b979,students,3,AA,,(646)-238-2101,2018-09-10T08:09:35.103Z,ella.hall@example.com,girl,(683)-506-1779,Ella,Next Year,,Hall,2021-09-10T08:09:35.104Z
24563df3615b4a79ffe0e37a7d18abf9f83cee9f5e5322049e8ab4fc9ac4fdf2,students,3,DD,,(672)-903-3434,2018-08-10T08:09:35.135Z,ceylan.koc@example.com,girl,(959)-381-4979,Ceylan,Next Year,,Koç,2021-09-10T08:09:35.135Z
bef2a89098d6b77ec327bb1b39d785641ae79ebbcc5d722d162acc10a7bbfc3b,students,1,BB,,503-395-6852,2019-12-10T08:09:35.109Z,annabelle.martin@example.com,girl,990-637-5465,Annabelle,Next Year,,Martin,2021-09-10T08:09:35.109Z
32dcc5b46e6f3589ed9c89dad8d109cfcae89b5fc1cfeee4a44d6470617bc56b,students,5,CC,,049-544-33-65,2016-06-10T08:09:35.130Z,sanni.kallio@example.com,girl,06-170-154,Sanni,Next Year,,Kallio,2021-09-10T08:09:35.130Z
e41cbf6f3480c07fad3d36eb955a591b41e4735d648b054b8ee0e1b637ba0a1b,students,5,CC,,(98) 6397-0698,2016-07-10T08:09:35.118Z,eliseu.lima@example.com,boy,(56) 0043-9412,Eliseu,Next Year,,Lima,2021-09-10T08:09:35.118Z
515d765974290142372d650a896e6e3ddd260174f1149ecf2c1d7e007aef4640,students,2,DD,,0903-009-1375,2019-01-10T08:09:35.131Z,bhrh.njty@example.com,girl,059-81009824,بهاره,Next Year,,نجاتی,2021-09-10T08:09:35.131Z
65a7cea94e9f79f738e9201aef57cf4257a5cc36bbf3861a7b161bbfa4140117,students,0,EE,,21474835,2021-03-10T08:09:35.138Z,emma.moller@example.com,girl,74150751,Emma,Next Year,,Møller,2021-09-10T08:09:35.138Z
3874afa3bb3dbf740fd2b103043b2d281de433538d15b0979d0009a162478c1a,students,4,EE,,078 765 75 25,2017-02-10T08:09:35.138Z,lionel.chevalier@example.com,boy,075 790 06 18,Lionel,Next Year,,Chevalier,2021-09-10T08:09:35.138Z
a144391db792c583cd174b96d1c7a133f61fe40109da723d69fc0db7b8fbcdfc,students,3,BB,,0471-344-994,2018-08-10T08:09:35.108Z,edith.ramirez@example.com,girl,05-1295-4277,Edith,Next Year,,Ramirez,2021-09-10T08:09:35.108Z
2ef615efc8199f7b5aa4d3062a0a8399065488b0d0d02ae5168207484b2a9d73,students,1,DD,,0703-219-758,2020-03-10T08:09:35.135Z,sam.perez@example.com,girl,017683 33558,Sam,Next Year,,Perez,2021-09-10T08:09:35.135Z
94930a4623cb9bafa9c111508f3b543c7b5a9159acf74b475c413b4c94ed6602,students,3,DD,,081-335-8940,2018-08-10T08:09:35.136Z,kelly.carpenter@example.com,girl,051-179-8925,Kelly,Next Year,,Carpenter,2021-09-10T08:09:35.136Z
c61e241aded2e8a0387049308a9e558f7e02429b9c8d10d8f220232304c5b52f,students,3,BB,,(935)-055-2854,2018-08-10T08:09:35.112Z,vickie.wright@example.com,girl,(407)-341-7828,Vickie,Next Year,,Wright,2021-09-10T08:09:35.112Z
2806519da81fe08c0168bcbc2fd5c2d9d45b599b312ff58ae41980f0595c9d90,students,3,EE,,076 376 81 44,2018-02-10T08:09:35.137Z,mehdi.durand@example.com,boy,076 181 23 04,Mehdi,Next Year,,Durand,2021-09-10T08:09:35.137Z
640c13752dc8d9f7bd9565a49428d2a98cf27accc2911728beb9bbc2f30a9bf5,students,2,DD,,(728)-347-6719,2019-06-10T08:09:35.131Z,craig.kennedy@example.com,boy,(214)-168-9888,Craig,Next Year,,Kennedy,2021-09-10T08:09:35.131Z
e7227e2b4fe63b0a690ffc7a1bc4734dc0dd99478c4d15e8d2f10600e1e57048,students,2,CC,,(43) 0418-5372,2019-09-10T08:09:35.115Z,sali.nascimento@example.com,boy,(65) 1961-9368,Sáli,Next Year,,Nascimento,2021-09-10T08:09:35.115Z
3804dec4a7fd58cba539b58efe1d9d2162961fc201eb79dd9b2679edcbebe1a5,students,4,CC,,046-005-00-98,2016-12-10T08:09:35.117Z,linnea.rintala@example.com,girl,03-005-947,Linnea,Next Year,,Rintala,2021-09-10T08:09:35.117Z
10686380e8eb4da951d404ab6d64ced5e31076c99ce5552fdeb53f51a79907b0,students,0,DD,,(126)-895-7592,2020-12-10T08:09:35.134Z,terri.cole@example.com,girl,(818)-114-3084,Terri,Next Year,,Cole,2021-09-10T08:09:35.134Z
5dcb2186aa1329cd4be69230597708694271eebbab89a5da1c6f6284dcf19b34,students,5,II,,(407)-171-0344,2016-03-10T08:09:35.150Z,angelina.adelaar@example.com,girl,(432)-697-6810,Angelina,Next Year,,Adelaar,2021-09-10T08:09:35.150Z
5411f818e15faef7c1d47d173066679a48c198eb85fd9326402e7666faa9e0ff,students,2,EE,,0718-044-699,2019-07-10T08:09:35.137Z,suzanne.stewart@example.com,girl,01684 021886,Suzanne,Next Year,,Stewart,2021-09-10T08:09:35.137Z
641d699dd260a00c778bc6d34041905caea5e303bfbdb15350e7c28a213840e7,students,3,GG,,076 257 77 84,2018-07-10T08:09:35.143Z,bernadette.mercier@example.com,girl,075 375 29 97,Bernadette,Next Year,,Mercier,2021-09-10T08:09:35.143Z
6985b2ba0cb9c8443e3407849386f7f9720cde3804bd1759ed2b11659f76323f,students,5,BB,,081-437-2938,2016-01-10T08:09:35.110Z,gerald.holland@example.com,boy,051-166-2249,Gerald,Next Year,,Holland,2021-09-10T08:09:35.110Z
1afbfe4b5b3ef7d18b5ead9c4cfe351605c3b07629a94837837146b46e77deac,students,2,BB,,611-535-701,2019-06-10T08:09:35.111Z,alicia.gomez@example.com,girl,917-563-198,Alicia,Next Year,,Gomez,2021-09-10T08:09:35.111Z
d8497a75e6da3c2a78bf2ebf92f0cf025e8a7377279650db797e55e39cf0c75c,students,1,DD,,(832)-745-8038,2020-02-10T08:09:35.130Z,phoenix.williams@example.com,boy,(644)-191-2911,Phoenix,Next Year,,Williams,2021-09-10T08:09:35.130Z
2fa2e500da004235048f22fb003461349bc77b022963593ac42dd32fafd1f65b,students,3,BB,,077 546 49 84,2018-09-10T08:09:35.105Z,stephan.duval@example.com,boy,076 517 07 73,Stephan,Next Year,,Duval,2021-09-10T08:09:35.105Z
125d514cdbd79520cfcb07b2d4488fac163ca82676f5bdee1d4b34940473f9ad,students,1,HH,,642-927-604,2020-03-10T08:09:35.146Z,andres.ramos@example.com,boy,952-000-163,Andres,Next Year,,Ramos,2021-09-10T08:09:35.146Z
2ab6fc426def6c7de9f842af53fd3217589f61cf76b5a0c851084a5d9fbc927d,students,3,GG,,(36) 4043-8241,2018-01-10T08:09:35.144Z,santiago.dias@example.com,boy,(65) 6831-6317,Santiago,Next Year,,Dias,2021-09-10T08:09:35.144Z
85f0b7e4d6a965da04d627eab5ee2a5c189548293330b2ba6e5363f757098b89,students,3,HH,,0978-649-8256,2018-01-10T08:09:35.147Z,prmys.mrdy@example.com,girl,053-27340527,پارمیس,Next Year,,مرادی,2021-09-10T08:09:35.147Z
3b5c4b07597d3772c19a86a578650e31794fa4307dd1db59f5d7f61fa709feee,students,1,FF,,(510)-900-1280,2020-02-10T08:09:35.141Z,sherida.jama@example.com,girl,(420)-726-3601,Sherida,Next Year,,Jama,2021-09-10T08:09:35.141Z
3f9e54c0aa99316805db5d66053687d397072ecc760936ab9cce74ef0c9317bf,students,4,BB,,0178-4529517,2017-03-10T08:09:35.112Z,elke.vogele@example.com,girl,0117-8628994,Elke,Next Year,,Vögele,2021-09-10T08:09:35.112Z
ca1eb0b39a122ad62a9b4559348add9eee8ebb2cab11f3fb2a8c4eddad72a4fe,students,5,FF,,95988301,2016-08-10T08:09:35.141Z,elin.fornes@example.com,girl,50478940,Elin,Next Year,,Fornes,2021-09-10T08:09:35.141Z
a8a4caca7a78ff42b249cc3119559fa28cf79718f08c4d71122be9cf43950781,students,3,DD,,(64) 6198-4910,2018-01-10T08:09:35.131Z,elenice.barbosa@example.com,girl,(89) 7483-4700,Elenice,Next Year,,Barbosa,2021-09-10T08:09:35.131Z
fa3a78b91fdc9b13c1072ef12a9332cf55581e76dc8051939dc410d5dbbd68fb,students,1,CC,,(546)-752-1302,2020-07-10T08:09:35.118Z,philine.hilberts@example.com,girl,(034)-958-2155,Philine,Next Year,,Hilberts,2021-09-10T08:09:35.118Z
345466f5d85e72dfeb466d5ec73589672dc6521b0ab4085104b39b9dab4b69c8,students,5,BB,,0947-932-1282,2016-09-10T08:09:35.105Z,aarshy.hydry@example.com,boy,077-21513840,عرشيا,Next Year,,حیدری,2021-09-10T08:09:35.105Z
36bcf3275d440e4aa0d26871958d7c2350270a1dc7962ab4e22340f714909988,students,4,HH,,(905)-352-6529,2017-04-10T08:09:35.145Z,lincoln.walker@example.com,boy,(920)-441-5335,Lincoln,Next Year,,Walker,2021-09-10T08:09:35.145Z
df50c021577faf896e1a25a6776ad374534ac154a986e7ff7f2493a715f999c9,students,0,DD,,0177-9435385,2021-01-10T08:09:35.134Z,alfons.kienle@example.com,boy,0634-6462241,Alfons,Next Year,,Kienle,2021-09-10T08:09:35.134Z
5b9a7fcbd62da5d881cbe5df4d026baea89da1a1d6c193c1717227046a69f5e5,students,1,CC,,(671)-666-1543,2020-04-10T08:09:35.113Z,jorre.eggink@example.com,boy,(156)-228-7200,Jorre,Next Year,,Eggink,2021-09-10T08:09:35.113Z
01629ad8d31419d449912e3dc4363a234df0ef022cd49fca9bc0fa0f2b09d002,students,3,EE,,654-325-660,2018-04-10T08:09:35.138Z,alfredo.lozano@example.com,boy,924-557-630,Alfredo,Next Year,,Lozano,2021-09-10T08:09:35.138Z
9407b662f348d913c539466a986b4b6c0f881d2f714f34e38fc0c2d6ea89c4de,students,4,FF,,81774153,2017-06-10T08:09:35.140Z,cecilie.jensen@example.com,girl,70048837,Cecilie,Next Year,,Jensen,2021-09-10T08:09:35.140Z
8a5d72ae5dcafc1a8b3562d3825768356691f570d1c0ff480d9736e27b75ec58,students,1,BB,,040-896-47-35,2020-02-10T08:09:35.105Z,alisa.hautala@example.com,girl,05-133-332,Alisa,Next Year,,Hautala,2021-09-10T08:09:35.105Z
b6df3fa9736f9d6e19c420eda340954f4d76086d51575cfd346f3fd4412b6779,students,3,BB,,(141)-676-8029,2018-06-10T08:09:35.110Z,pearl.simpson@example.com,girl,(837)-474-7426,Pearl,Next Year,,Simpson,2021-09-10T08:09:35.110Z
58450cd9c6d8bc6d7fb1191ba168914ef767a3f2c298317539e0b183c01c3492,students,1,CC,,(276)-563-3837,2020-01-10T08:09:35.120Z,ceylan.ozbey@example.com,girl,(056)-924-0884,Ceylan,Next Year,,Özbey,2021-09-10T08:09:35.120Z
4f6d104fec782c7e03907b1865f7725047b8fdf8d4f3158052d4d7bd66e56fbc,students,4,KK,,077 466 31 55,2017-01-10T08:09:35.152Z,konrad.lefebvre@example.com,boy,075 941 03 46,Konrad,Next Year,,Lefebvre,2021-09-10T08:09:35.152Z
5914aec27c69977462525c9e999edb2979d09aa62f35b7f4a26d202b4ded0ed8,students,3,KK,,0179-0984393,2018-08-10T08:09:35.154Z,isa.buch@example.com,girl,0503-8253672,Isa,Next Year,,Buch,2021-09-10T08:09:35.154Z
ceececf3007d4deac92d4313ef8998c37072190ce1e3feff600258bfb535b992,students,1,II,,078 733 10 35,2020-01-10T08:09:35.150Z,gertrude.perrin@example.com,girl,075 090 25 92,Gertrude,Next Year,,Perrin,2021-09-10T08:09:35.150Z
5c302fd239cb12f8549eff4af8d73f76c7f3ebdc42304724162b42cabc197bf1,students,0,HH,,046-513-26-10,2021-01-10T08:09:35.147Z,oskari.haataja@example.com,boy,04-081-632,Oskari,Next Year,,Haataja,2021-09-10T08:09:35.147Z
4f871ca14199a4a395f8b5dbc7a2d4772090ee877746498f046bcb626f712745,students,2,EE,,0980-212-4906,2019-02-10T08:09:35.136Z,myrhsyn.khmrw@example.com,boy,006-48582707,اميرحسين,Next Year,,کامروا,2021-09-10T08:09:35.136Z
6582c3b5e744c1e34c1965259764ac55e6c751a318dfaecfaeafef752e3e0766,students,2,KK,,0783-639-761,2019-01-10T08:09:35.154Z,juan.ward@example.com,boy,015395 48181,Juan,Next Year,,Ward,2021-09-10T08:09:35.154Z
b8351f9a71517ebbe15a53113fbf37f39fb51c3885caa1662fb898f3629af861,students,3,JJ,,(04) 8519-4472,2018-07-10T08:09:35.151Z,marcio.caldeira@example.com,boy,(48) 9444-2679,Márcio,Next Year,,Caldeira,2021-09-10T08:09:35.151Z
e75f14fecdbcb36cdfe388dd62abebc1138be29e6da6a6ca3dfa2787fa4c6768,students,1,II,,(712)-314-9920,2020-06-10T08:09:35.150Z,charlie.martin@example.com,boy,(067)-253-4513,Charlie,Next Year,,Martin,2021-09-10T08:09:35.150Z
747b6d6f695110de57035c7cc9ad95a01b98a05b8472e8eb40f4c9c9830b6581,students,1,GG,,97393845,2020-03-10T08:09:35.143Z,lily.ringvold@example.com,girl,77338217,Lily,Next Year,,Ringvold,2021-09-10T08:09:35.143Z
eef9de7c02d3acf35865594b96b70070ad4a4fc8251e7c1fce6ef84d1ae58883,students,1,JJ,,06-78-47-75-29,2020-02-10T08:09:35.151Z,margaux.duval@example.com,girl,04-04-70-01-13,Margaux,Next Year,,Duval,2021-09-10T08:09:35.151Z
6eda935031340844e7dd4260a42229a85a8b45c57f6b8b1172970972405f0ab6,students,2,KK,,(752)-650-2136,2018-12-10T08:09:35.153Z,letitia.ryan@example.com,girl,(385)-296-8160,Letitia,Next Year,,Ryan,2021-09-10T08:09:35.153Z
60374464205ce8fd4f4079d54e395c03c20039311da6037657a95eca8e105fcf,students,1,KK,,(129)-162-3361,2020-03-10T08:09:35.154Z,ali.ozgorkey@example.com,boy,(191)-545-7488,Ali,Next Year,,Özgörkey,2021-09-10T08:09:35.154Z
f999e981133bfbd442de6a3cae89eb79713f39e4f968973dda6abbc64e3ba429,students,1,II,,048-771-58-30,2020-06-10T08:09:35.147Z,nelli.tikkanen@example.com,girl,05-847-601,Nelli,Next Year,,Tikkanen,2021-09-10T08:09:35.147Z
2ea375c896a0b2adc2d3ecdaf13e2c065756f3c3f0f74f0448cda02e52b0a717,students,5,II,,0705-764-770,2016-02-10T08:09:35.149Z,gerald.gordon@example.com,boy,01583 92056,Gerald,Next Year,,Gordon,2021-09-10T08:09:35.149Z
8d64905656239ac3a49b91c83e3bd8d6fa03eaf017167c42ba3248a96b1d1d42,students,5,GG,,0732-149-168,2016-07-10T08:09:35.143Z,jenny.cox@example.com,girl,0113098 284 0670,Jenny,Next Year,,Cox,2021-09-10T08:09:35.143Z
bc50d42fb5f6a2b4955226f8e6336b96f4e070a49bee0a689ad75bef5c1d58c7,students,5,II,,0179-7443273,2016-08-10T08:09:35.148Z,hanne.schober@example.com,girl,0456-6473496,Hanne,Next Year,,Schober,2021-09-10T08:09:35.148Z
97d4539f3413aacddcb9d74c5284fdb568e8de39aa39a79bd7d8c7057a1c2d00,students,0,LL,,081-816-6882,2021-01-10T08:09:35.155Z,caleb.barnes@example.com,boy,051-051-6610,Caleb,Next Year,,Barnes,2021-09-10T08:09:35.155Z
d6f75cf8160761f730d8530771446147d0dcd0baa14c9719c26ea551ff7b956e,students,1,II,,655-028-836,2020-07-10T08:09:35.150Z,eugenio.lorenzo@example.com,boy,902-668-935,Eugenio,Next Year,,Lorenzo,2021-09-10T08:09:35.150Z
aeff66fda981d8cac48a79e5a4a654d508615364f9ffe79ab7811346efca7ae5,students,2,JJ,,(872)-907-3499,2019-04-10T08:09:35.152Z,jesper.noordeloos@example.com,boy,(817)-353-7179,Jesper,Next Year,,Noordeloos,2021-09-10T08:09:35.152Z
b0e2a203fbd9b43b189ac1f74d939853add685515256628221b81875a2ec5cf5,students,4,EE,,081-392-0053,2017-06-10T08:09:35.137Z,carter.hale@example.com,boy,011-403-6049,Carter,Next Year,,Hale,2021-09-10T08:09:35.137Z
4e900f7eac788ca5aba3cdb92613e4ad3281787ddb47f7dfca73422b2a49d65c,students,2,KK,,06-18-15-21-66,2019-09-10T08:09:35.153Z,gabin.lemaire@example.com,boy,03-26-43-38-29,Gabin,Next Year,,Lemaire,2021-09-10T08:09:35.153Z
006c25b889b14808e1829507ec2773004ebe67e14b6b081066f6da3c20858478,students,4,FF,,648-920-858,2016-12-10T08:09:35.141Z,julio.morales@example.com,boy,988-931-188,Julio,Next Year,,Morales,2021-09-10T08:09:35.141Z
583e40630b3c09c6be484d4354ce8339d30a0cd5f0f54687290cc5738c1454b7,students,2,JJ,,(413)-142-8615,2018-12-10T08:09:35.152Z,amber.boyd@example.com,girl,(581)-657-4829,Amber,Next Year,,Boyd,2021-09-10T08:09:35.152Z
f46bb5dc450defe407b532efe63afe0721ce43b619c5bc25d3d81dddacfda65b,students,1,FF,,06-33-68-58-80,2020-06-10T08:09:35.142Z,nolhan.jean@example.com,boy,02-95-42-64-43,Nolhan,Next Year,,Jean,2021-09-10T08:09:35.142Z
9380632b2a6870445dfbba456c895932b19925d0f744f7e4a57476a2c56c004c,students,1,HH,,045-359-66-77,2020-04-10T08:09:35.146Z,emilia.mikkola@example.com,girl,02-498-666,Emilia,Next Year,,Mikkola,2021-09-10T08:09:35.146Z
132e8204b91e1f4d460f6881a9787a976e4dab2150d6baf67efb920e31e0b654,students,3,EE,,043-386-54-21,2018-06-10T08:09:35.139Z,siiri.wirta@example.com,girl,08-337-664,Siiri,Next Year,,Wirta,2021-09-10T08:09:35.139Z
d0e0b5554ceef097c434b5777f6ae6f437dbe96f62cf8fceaf306f27c9c91b39,students,5,HH,,(586)-979-0399,2016-01-10T08:09:35.146Z,levi.li@example.com,boy,(566)-738-6642,Levi,Next Year,,Li,2021-09-10T08:09:35.146Z
3ecb573d83bcea3f220121641c14eaffdb6f71baf42184407af9b247dcf2214e,students,5,FF,,078 009 69 88,2016-06-10T08:09:35.142Z,susanne.bernard@example.com,girl,075 303 01 96,Susanne,Next Year,,Bernard,2021-09-10T08:09:35.142Z
3d1219a2a3d14ded7c743302a975c62772628dd4e6d239f0f8efb0cc45acbdb7,students,4,GG,,06-91-23-14-25,2017-04-10T08:09:35.144Z,aurelien.fontai@example.com,boy,01-90-78-99-03,Aurélien,Next Year,,Fontai,2021-09-10T08:09:35.144Z
98c3f86d4fd5bf81c752b0c4169363c6ea7565b00fa948fa423e0ee74e3b0e92,students,5,FF,,679-677-282,2016-01-10T08:09:35.141Z,victor.ramirez@example.com,boy,946-345-937,Victor,Next Year,,Ramirez,2021-09-10T08:09:35.141Z
42125b29a5f8e9cee5874b759f5870f4ca1b4188d237e9a35bf2ab3e9e1a54ed,students,4,LL,,0748-498-363,2017-05-10T08:09:35.155Z,olivia.watkins@example.com,girl,016977 7611,Olivia,Next Year,,Watkins,2021-09-10T08:09:35.155Z
73214baa2bf75a3551ae2872616df43a73d5f5f448535ebd62a21e530c5e1cbd,students,0,CC,,(803)-448-8243,2021-02-10T08:09:35.120Z,alette.snoep@example.com,girl,(443)-595-8067,Alette,Next Year,,Snoep,2021-09-10T08:09:35.120Z
452579fd572a7f3ef5ef7d7c67489b2c8c8cde19469a0bf5f713ee68ec3f20b3,students,1,JJ,,45439223,2020-07-10T08:09:35.152Z,wiktoria.lunder@example.com,girl,50742028,Wiktoria,Next Year,,Lunder,2021-09-10T08:09:35.152Z
905824698dc158c5fd090cf14b53fc853a18e75814deda7ca8e950646ce9b46f,students,1,HH,,0958-201-3966,2020-04-10T08:09:35.145Z,mhmdth.kmyrn@example.com,boy,016-89191207,محمدطاها,Next Year,,كامياران,2021-09-10T08:09:35.145Z
7ead38c16d2e5a0dbfe3833d19f0826d478bfd253673692946d1ea614a79d062,students,5,LL,,(237)-685-7729,2015-12-10T08:09:35.157Z,hajar.meerts@example.com,boy,(568)-154-9225,Hajar,Next Year,,Meerts,2021-09-10T08:09:35.157Z
46c456ea50a87ab8e6edd06c6bfec5b0210778cf54fa580dcccb5a90f3fb82be,students,2,JJ,,0905-843-1805,2019-04-10T08:09:35.150Z,mhdys.qsmy@example.com,girl,056-63116635,مهدیس,Next Year,,قاسمی,2021-09-10T08:09:35.150Z
236679b9646b480841e5633b1e2b0d5bf77948469edc2c0f86adc35a3bc2e3f2,students,5,JJ,,0714-267-281,2016-05-10T08:09:35.151Z,joel.wallace@example.com,boy,016974 38586,Joel,Next Year,,Wallace,2021-09-10T08:09:35.151Z
b90522c661e575e02d054abcb0b4a56282e03406ae441a25becea1ba3b5e217c,students,2,HH,,632-747-315,2018-12-10T08:09:35.147Z,roberto.morales@example.com,boy,988-539-888,Roberto,Next Year,,Morales,2021-09-10T08:09:35.147Z
b89d8e4fe9b43822fc676437cc162e5a7185789af89552631416ab0c87b1b694,students,2,GG,,081-442-5975,2019-05-10T08:09:35.143Z,alfredo.smythe@example.com,boy,011-868-6555,Alfredo,Next Year,,Smythe,2021-09-10T08:09:35.143Z
63cba3c437cab9e9c74e707960a39ad94b35c860e66ff899ef3d801cdcdef0de,students,4,EE,,(321)-691-8663,2017-08-10T08:09:35.140Z,gail.ross@example.com,girl,(617)-980-3407,Gail,Next Year,,Ross,2021-09-10T08:09:35.140Z
651f4da021a174421c2936b6f4743aa7b31c24d0dc71ba46923ebed07bf3da86,students,5,FF,,(86) 3986-4185,2016-06-10T08:09:35.142Z,lauriana.silva@example.com,girl,(12) 0359-0434,Lauriana,Next Year,,Silva,2021-09-10T08:09:35.142Z
f58ced0149d45a011f2d248a4aa77a47833467bb08746475451e6477673fd483,students,4,EE,,0487-496-071,2017-02-10T08:09:35.140Z,lily.cooper@example.com,girl,06-1608-8532,Lily,Next Year,,Cooper,2021-09-10T08:09:35.140Z
4fc742230a8c4b649dedbf34724444ba7ed9c357b4767eec0ec8d48637601d0f,students,5,GG,,040-284-47-49,2016-05-10T08:09:35.144Z,toivo.korhonen@example.com,boy,08-727-439,Toivo,Next Year,,Korhonen,2021-09-10T08:09:35.144Z
ba892686a6c2011bf7580b846a7ca5af4384ce8e448fdb04b3d7503194a11af2,students,2,LL,,079 304 11 80,2019-07-10T08:09:35.155Z,silvano.riviere@example.com,boy,077 805 10 91,Silvano,Next Year,,Riviere,2021-09-10T08:09:35.155Z
433db0c245cd7c32f0467441cba148e3fed2e9fc2bd46c11b83af45076fd04a4,students,2,LL,,(622)-614-4518,2018-12-10T08:09:35.157Z,eduardo.fox@example.com,boy,(896)-102-1523,Eduardo,Next Year,,Fox,2021-09-10T08:09:35.157Z
869a608ac399e91b3c28f41ac132df23591077c375fd6de0e65de8de4757fa73,students,2,GG,,043-556-09-72,2019-01-10T08:09:35.144Z,nelli.hautala@example.com,girl,07-900-661,Nelli,Next Year,,Hautala,2021-09-10T08:09:35.144Z
9e969ca707c7f0800adb1683c844d233205d7dff71616bf1eef70cdd2bb60b1b,students,2,LL,,(217)-366-8890,2019-02-10T08:09:35.155Z,gilbert.king@example.com,boy,(949)-281-4933,Gilbert,Next Year,,King,2021-09-10T08:09:35.155Z
3a82850aa9c8f9e279fe4fa149c22a5eade11d6381ce2408aead21d738326d98,students,2,KK,,(090)-522-8908,2019-06-10T08:09:35.154Z,zoe.chen@example.com,girl,(627)-169-2803,Zoe,Next Year,,Chen,2021-09-10T08:09:35.154Z
d9d46f9bf38d5ace811d0d97c83ef23561fe4b80e5587a2190e9afe811542537,students,3,DD,,048-409-61-22,2017-12-10T08:09:35.136Z,lotta.tuominen@example.com,girl,09-856-258,Lotta,Next Year,,Tuominen,2021-09-10T08:09:35.136Z
ea276dec8c57e2360a40da06ebcd63e69ff83f4f6cca20b42255973e8b5f5389,students,0,GG,,(680)-579-5744,2021-01-10T08:09:35.144Z,denise.banks@example.com,girl,(395)-304-2040,Denise,Next Year,,Banks,2021-09-10T08:09:35.144Z
388fb3dd62887371b8df81d458cbeff8f4c719f5fd40035a5316da6d6a27adaa,students,4,JJ,,0176-4825995,2017-05-10T08:09:35.151Z,vincent.dose@example.com,boy,0442-6221017,Vincent,Next Year,,Dose,2021-09-10T08:09:35.151Z
98922f32474db5291d55a6a2f4692d1a93d4692cb9d815c1ba08682159d6acf7,students,1,KK,,0179-7529512,2020-07-10T08:09:35.153Z,hugo.schwaiger@example.com,boy,0386-0864704,Hugo,Next Year,,Schwaiger,2021-09-10T08:09:35.153Z
b041c2b8ba0e0fdfdebf23a7cc317c93853d73e27265b57e4b9009ad9c388c2c,students,1,HH,,(404)-327-6947,2020-07-10T08:09:35.145Z,haiko.haarman@example.com,boy,(734)-088-1170,Haiko,Next Year,,Haarman,2021-09-10T08:09:35.145Z
299457531971dc02c204689e0246ef3e7e29452c6663fe6cc8fd1acfced656f7,students,1,LL,,0175-4443902,2020-09-10T08:09:35.155Z,adelgunde.hinrichs@example.com,girl,0341-2345451,Adelgunde,Next Year,,Hinrichs,2021-09-10T08:09:35.155Z
4e124d9aafb5c6efd4999bc826cd6f369fc6914c1f01cecc9434d3660f15a5b2,students,2,GG,,(038)-380-4906,2019-02-10T08:09:35.142Z,wendel.kruit@example.com,girl,(536)-197-1975,Wendel,Next Year,,Kruit,2021-09-10T08:09:35.142Z
dd7fefc95324d94058e48417f7dda52d691174249a86c218e67634c81c0d61df,students,5,CC,,(953)-221-6960,2016-06-10T08:09:35.119Z,warren.oliver@example.com,boy,(312)-721-4546,Warren,Next Year,,Oliver,2021-09-10T08:09:35.119Z
e78547b93875b88e863281e8444e6ad3ecad906f7f6af079968eda6b55c3bb85,students,1,FF,,585-207-6897,2020-05-10T08:09:35.141Z,gabrielle.mackay@example.com,girl,725-700-3514,Gabrielle,Next Year,,Mackay,2021-09-10T08:09:35.141Z
4b66ec869083d18fab1322e5e48f0fc95c48f71fbbccffa94dc1383fa1cd9fc9,students,5,II,,(715)-862-4220,2016-09-10T08:09:35.147Z,hector.wagner@example.com,boy,(740)-445-5819,Hector,Next Year,,Wagner,2021-09-10T08:09:35.147Z
5928bd1953c61caf2574ed82d5baa9deebef83e8101c0b26d7580408d5a906cc,students,5,JJ,,877-817-3696,2016-06-10T08:09:35.151Z,theo.wilson@example.com,boy,783-398-6539,Theo,Next Year,,Wilson,2021-09-10T08:09:35.151Z
f05a774cca9ad8b939fdc233ee179e2de1634b872d2c9e7e5a4533ce53d04281,students,5,II,,0912-114-0966,2016-03-10T08:09:35.149Z,artyn.mrdy@example.com,boy,018-15452268,آرتين,Next Year,,مرادی,2021-09-10T08:09:35.149Z
085d133d0c001fcb53632a66ad2fead0747de39f7e42dbdad697ba29e9b56c8d,students,1,LL,,(04) 0620-4672,2020-06-10T08:09:35.156Z,lauriana.oliveira@example.com,girl,(16) 8714-4142,Lauriana,Next Year,,Oliveira,2021-09-10T08:09:35.156Z
17e0402897629d1c4fe7a8e8ec4c3842b09005ffbc05f5676688359e74d0b791,students,3,FF,,0983-198-1793,2018-01-10T08:09:35.142Z,ln.prs@example.com,girl,041-80222160,النا,Next Year,,پارسا,2021-09-10T08:09:35.142Z
80570cd144b90da911b64966b166435fec1dcaf9be9f1c482ff61056b05a6dfa,students,2,CC,,047-875-81-98,2019-08-10T08:09:35.129Z,elsa.maki@example.com,girl,06-757-991,Elsa,Next Year,,Maki,2021-09-10T08:09:35.129Z
a24759220331eefdc5aec2da4fc7f2243d0a9788ee955e4dbd82c49db59d69bc,students,5,II,,06-67-27-98-55,2016-06-10T08:09:35.148Z,eva.simon@example.com,girl,05-89-34-34-12,Eva,Next Year,,Simon,2021-09-10T08:09:35.148Z
6585d8cdba9de527fe4c46421b8230c02ff72710367cae8db7a81893840d67f8,students,3,LL,,0918-070-6768,2018-08-10T08:09:35.156Z,myraaly.kmyrn@example.com,boy,080-48798718,اميرعلي,Next Year,,كامياران,2021-09-10T08:09:35.156Z
929a15e11855112c411655e04923bc538ab833ef63cb7199ee8dc2c709a7ca1e,students,2,JJ,,040-248-50-64,2018-12-10T08:09:35.152Z,konsta.jarvi@example.com,boy,06-697-829,Konsta,Next Year,,Jarvi,2021-09-10T08:09:35.152Z
735672a76806d05d0f20a55383ddae1ecadb1d08f87b607eb7dd20d7fb1f2c70,students,2,HH,,0178-6443590,2019-08-10T08:09:35.145Z,desiree.brosch@example.com,girl,0643-5076576,Desiree,Next Year,,Brosch,2021-09-10T08:09:35.145Z
4b389ec919d1770544962bfab4a1a7ded1fc64cc0f050b6fed5579af75e597e3,students,1,LL,,(66) 7533-4927,2020-07-10T08:09:35.156Z,najela.martins@example.com,girl,(16) 2163-4471,Nájela,Next Year,,Martins,2021-09-10T08:09:35.156Z
2622f50118ffa2c9adbdcc7c6a306a040b34bb2ceef1228921d44f5d3ca781d8,students,3,KK,,0444-927-738,2018-06-10T08:09:35.153Z,josephine.hayes@example.com,girl,03-8968-5147,Josephine,Next Year,,Hayes,2021-09-10T08:09:35.153Z
4ba065afe50eb90455131e6bdf25e4be1b7d63585b97caff8535848212220799,students,2,KK,,0176-7220036,2019-09-10T08:09:35.154Z,rosmarie.liebmann@example.com,girl,0782-6707833,Rosmarie,Next Year,,Liebmann,2021-09-10T08:09:35.154Z
67f70dd96ecf4b68c1871a47d335e435e4f944d8c43904c8b0991eb17f1ca3cd,students,52,6677,Comment,n/a,Thu Sep 30 05:12:30 2021,n/a,Boy,n/a5555,Randy,Next Yeartgggg,siblings,Ortan,2021-09-30T03:12:57.586Z
fd9f6b3e0a26e9800d6ff4499749ead25b19fa82563c4b06b41772ea50e9c70e,students,55,ADDA,Comment,n/5899888a,Thu Sep 30 05:06:15 2021,Smledw002@myuct.ac.za/a,Boy,588598558n/a,Clown,NCCext Year,siblings,"Jason ",2021-09-30T03:06:56.517Z
4a0fccb2a64bb4ecc48c21ef3552fce91953afd4652687f17ae1b666e6c347cc,students,12,AFfDDA,Comment,n/5898889888a,Mon Jan 12 00:00:00 2009,Smledw002@myuct.ac.zaledw002@myuct.ac.za/a,Boy,588688598558n/a,Jons wn,NDdCCext Year,siblings,"Jabonesson ",2021-09-30T03:11:26.659Z